fraction,score,type
0.01,0.2721636795432896,SVM
0.02,0.30373836526235454,SVM
0.03,0.31234960369077047,SVM
0.04,0.32851637735241457,SVM
0.05,0.3260405052288045,SVM
